;kaarisofficiel1;sneazzy;nekfeu1995;sopranopsy4;canardo78190;sethgueko;dossehlafamine;redkcarpediem;disizfr;algerino_off;hocpoc;stillfresh;lordkossity;nor_officiel;lim92officiel;akhenatoniam;grandcorpsmalad;maskaleblanc9;blackoofficiel;rohff;joeystarr_;bigfloetoli;officielniro;jul_levrai;gradidur;orel_san;keryjames922012;donchoarap;officielks;diams;medinrecords;ixzoo;monsieurbors;maitrgims;aketofficiel;sultanofficiel;oxmopuccino;alonzopsy4;rimkofficiel;lacrim_officiel;tunisniper;general_mactyer;abdalmalik1;mcsolaar1;booba;gyneco;gab1mc;lafouine78;guizlabanquise;nessbealne2s;bmesrimes;fababyofficiel;mryouofficiel;sinikofficiel;desporutti93;youssouphamusik;leckyougo;zehefyu;hayce_lemsi;jokemtp;grodashizzle;punchydinos
kaarisofficiel1;1.0;0.13063535332354792;0.11236547977438666;0.056404427258265291;0.30941418967078271;0.35098003297307201;0.57391579613801835;0.3449197039948414;0.18238280936275778;0.23567983417706381;0.047912348238081139;0.47113534316869787;0.19399935476933003;0.19745685740236149;0.37933311323869262;0.12855493139691923;0.03881380651434127;0.21557886485376734;0.19756072976514463;0.32551963956828484;0.08527102942817813;0.11099835088164405;0.52994855233016636;0.23467449490588846;0.44525431225121626;0.053231243169658229;0.30881965434395103;0.14347826086956522;0.12124248496993988;0.064309960751034262;0.29030938677729412;0.72417880121909917;0.37191194847640102;0.1215488997445346;0.3072170738556585;0.36064371926687527;0.053539800311993652;0.29262554352088255;0.15312660356918867;0.3601830254890836;0.24676374314694829;0.45448298217179905;0.079814921920185078;0.10996563573883161;0.11220632233225873;0.087908674380678731;0.30909090909090908;0.062269344279209021;0.24161386125063297;0.26739059578337021;0.1611185807700368;0.33135497689099314;0.21202009202992728;0.24844434759448925;0.49033568019407747;0.14197421914940234;0.3232586751256244;0.2603830266616598;0.41882473476320792;0.3640755562006262;0.37745587745587744;0.28161211393749136
sneazzy;0.033808472920661338;1.0;0.43593203917090556;0.012962394795849546;0.098765194274816517;0.10386517677230261;0.12488129154795821;0.1453004575183468;0.18563104023701377;0.061585681827241202;0.13710393840686999;0.15687139191789609;0.11915259705344661;0.038056312443233424;0.10993727302740178;0.1293378481532951;0.020661157024793389;0.049898281042945927;0.086080032254813019;0.02823942343945382;0.086610364968934858;0.31472789547126728;0.07167624269280358;0.024549588441835031;0.055090667846085802;0.051364170094831581;0.071557002247539331;0.10434782608695652;0.069138276553106212;0.039328524451044872;0.11437669812147594;0.069590247206230957;0.14966836489474189;0.015290047415094885;0.21128896377422071;0.066553419758605278;0.042604935775774927;0.066372722440550355;0.041044244255658814;0.036599844501880689;0.10822096798092595;0.090489465153970827;0.068536726431463274;0.074619538537064309;0.013452286156787861;0.09342238098936087;0.10909090909090909;0.0098246818108465306;0.24834740717423734;0.1131525226013415;0.025812315596883309;0.058477060083417881;0.04287470582036601;0.10292728989612843;0.13635524615668593;0.05396876597609368;0.085098498436179837;0.093691325572662409;0.064708340635489831;0.15111240125235853;0.18764568764568765;0.3340565994183094
nekfeu1995;0.046991787561955066;0.70443838680366255;1.0;0.0158716857398114;0.10860896534453199;0.13744504488001466;0.1606837606837607;0.18073509994779993;0.23608570332229767;0.07198947662135767;0.19159016878886587;0.19555805003207183;0.14291859339713947;0.050408719346049048;0.16143941895014857;0.17206553013250867;0.024161400097228974;0.057410552641893278;0.12004838221953432;0.036745698716192571;0.10321564542331683;0.409298490422428;0.096536357605117223;0.036320727565762968;0.081662980981866432;0.072207051217732993;0.091560102301790278;0.19565217391304349;0.10220440881763528;0.042431314309960749;0.1506617195944959;0.10040636640704369;0.231279438623474;0.019103588576121811;0.2614434147711317;0.079043361645060345;0.056520938877607362;0.080079469506191131;0.048559638519870003;0.051766164449767803;0.12870940366663525;0.11345218800648298;0.087478311162521694;0.10751104565537556;0.018399033121764295;0.10697367399238954;0.13818181818181818;0.0125370891564553;0.37910410992650578;0.13557373955706517;0.030392223810342352;0.071592830571525198;0.055808071937897365;0.13106220188373163;0.17509163304590883;0.065078997979404529;0.10184842061574492;0.11177243710101389;0.095269550681459717;0.20562317277986275;0.24084249084249085;0.45381099672221964
sopranopsy4;0.30195723743714048;0.26813447962535819;0.20317312017716876;1.0;0.65161526458746699;0.46206951822678144;0.3902184235517569;0.76724905579267355;0.39522224502726194;0.66671981504364808;0.12271246668640805;0.55817030147530466;0.56855575868372943;0.20999091734786557;0.40343347639484978;0.36337123955295453;0.15894992707826933;0.58433341421079155;0.47354097369216813;0.39724251293165413;0.29898185696392476;0.17899276925028543;0.3743788100692228;0.34038450469118747;0.20882795223352499;0.38850983975984316;0.53432535069363718;0.55652173913043479;0.27454909819639278;0.44422934125384533;0.46951415466417368;0.31459532678631902;0.34095933865231182;0.37905761875951266;0.66975568660488627;0.5161376843987483;0.35576026576789965;0.71478115387631691;0.59061591310793093;0.34514803841223812;0.66558454678933687;0.52409724473257702;0.21645459803354541;0.19783996072655866;0.36503518849229361;0.18467034247107245;0.2690909090909091;0.33161400141875119;0.3070606429715193;0.59803063832707182;0.49585924493914257;0.48635441325667905;0.4628473075977379;0.61291494152683956;0.48353242095825755;0.57016700343257787;0.54769280939181475;0.58839654524971841;0.33702260747650953;0.19359721329490556;0.49483849483849485;0.24195558838465445
canardo78190;0.058109330342606999;0.071671209897253091;0.048773313955500192;0.022859390353183191;1.0;0.16792223850522073;0.17689142133586577;0.3031289341971935;0.1106718662157218;0.21654641846374617;0.029375185075510808;0.35631815266196282;0.17700828046026454;0.061943687556766575;0.17266424562561902;0.089232937307940727;0.021555663587749151;0.11274006607066202;0.1400060477774418;0.077136943979558906;0.057033371777223854;0.041608524673347712;0.16946436842039381;0.067863926782939038;0.057691287041132244;0.024945831830545152;0.14757033248081841;0.17826086956521739;0.06513026052104208;0.081945475761111705;0.18259370709047884;0.1581442600745005;0.12217629529943286;0.030289045687738159;0.29991575400168491;0.20218149307107733;0.024826728864240519;0.16826273734108277;0.075930782826843041;0.098042614889995591;0.23818311623583927;0.18956239870340358;0.050751879699248117;0.051546391752577317;0.017253313336064918;0.049002096761668092;0.12181818181818181;0.017166738032546619;0.117166436284506;0.22193059200933216;0.053162255905020474;0.1615206853793259;0.13257227159366328;0.22653204522892909;0.22284629380586979;0.059336733451810016;0.26000919022278879;0.21851295531355613;0.12455007481901886;0.068713844367496738;0.25449550449550451;0.097133096348275702
sethgueko;0.11090770956188271;0.1268190396309499;0.10385307450084778;0.027274349177086276;0.28254127256265532;1.0;0.4262741373852485;0.39226824699849538;0.19386762566816287;0.20141906166540438;0.092034350014806046;0.40566869788325849;0.31003333691794815;0.10190735694822889;0.40805546384945529;0.19588577244524477;0.027204666990763248;0.10536777468784411;0.20098780364882574;0.099134996433114797;0.11076800972258392;0.094634022580235955;0.31309224279294501;0.087751108041213374;0.12935869084475896;0.043914860383068618;0.22075486321010618;0.29130434782608694;0.14729458917835672;0.08995438633711679;0.31885243506967775;0.26633931594988147;0.32971258290877631;0.035489057249964366;0.4962089300758214;0.19245417970496201;0.061632324232009823;0.23527156438162791;0.14182678601972745;0.15134800058837125;0.29470479679943962;0.3908200972447326;0.086321573163678431;0.098674521354933722;0.030487588035654923;0.10204240118039916;0.29454545454545455;0.01963726984503715;0.20515417356672644;0.39647985178323297;0.054808197211554083;0.16484612783226243;0.15358460079384595;0.30531948378973872;0.48651214302665929;0.09238138130827471;0.26829521367267983;0.3564401051445738;0.19066042950161097;0.15911588463372658;0.492007992007992;0.21379437699090531
dossehlafamine;0.065590969935964694;0.055147829733696793;0.043911554033011523;0.0083305062639297926;0.10764577835140915;0.15417200952555413;1.0;0.19571959345349588;0.078787446123093671;0.072627257145134932;0.040213206988451287;0.23364336112892881;0.15700612969136465;0.094913714804722979;0.18355893034004622;0.077293456773208591;0.009684005833738454;0.043431195057765166;0.1149077713940127;0.0370657690231617;0.034339075114401575;0.04306736014207789;0.18979308272935522;0.04311287630230818;0.18098186643078285;0.013260693298333058;0.08657676509338913;0.095652173913043481;0.052104208416833664;0.033971571019412325;0.16375003651874143;0.40298002031832036;0.25790637316158799;0.013508866533036569;0.25139005897219879;0.085936522127849801;0.023188309591843509;0.10337135437997229;0.047383687781515478;0.070194792914328938;0.1033446933469833;0.20889465153970826;0.04178716020821284;0.051546391752577317;0.01114126163178741;0.034169449405917526;0.14909090909090908;0.0062090205212493327;0.098129114374478216;0.1511502238690752;0.021453749991169842;0.068887385864051409;0.046612104394253395;0.11871383259485242;0.30717506526382404;0.036927599386518004;0.11730874701688333;0.13524220803604955;0.10684964747435258;0.21468411121939082;0.38902763902763904;0.15751812012372465
redkcarpediem;0.040638905973011105;0.066149437338365841;0.050918716910619742;0.016886051757671269;0.19017163992217448;0.14626076204433047;0.20177271288382401;1.0;0.1086372600637153;0.17391477657751025;0.050518211430263547;0.28175112251443235;0.17324443488547156;0.081108083560399641;0.17167381974248927;0.12755671253253997;0.018376276130286827;0.084016125720898116;0.16712024997480093;0.046819776005034328;0.050336694073440234;0.054167195230242292;0.13494060360258867;0.046883094456915901;0.048474126492702344;0.019091059472446773;0.13461985584747732;0.27391304347826084;0.074148296593186377;0.059775114034157209;0.24263051798182828;0.12766677954622419;0.2325290781505335;0.019884038845093082;0.35984274080314521;0.12255699597675458;0.029289384672482099;0.17241048788351443;0.060682621586179375;0.064221773939355728;0.2003044304053235;0.18359805510534846;0.059572006940427996;0.062346588119783997;0.010628445083532403;0.039605498175040769;0.10909090909090909;0.0088598251920170498;0.10874950388000054;0.1824575849587429;0.037378644205886304;0.094944200202908349;0.072787944782043631;0.21142345221665335;0.25272262215542018;0.054549991479416707;0.18313742347657233;0.18606834397296282;0.094379810997721733;0.069563955296605778;0.33608058608058611;0.13046489081759846
disizfr;0.073940884917332944;0.29079471587334871;0.22886605072839891;0.029930217564953891;0.23890890177419044;0.24872916285033889;0.27948717948717949;0.37381398348021005;1.0;0.17138358512376928;0.23008587503701511;0.30756895445798588;0.34229487041617379;0.084196185286103536;0.23043908880818753;0.30981973341684443;0.054302382109868742;0.11357994736743873;0.27154520713637736;0.075292471024143603;0.1754281533291169;0.2815552454649245;0.17241854118943006;0.057877165716917055;0.093392304290137104;0.075214435444287464;0.2280864915136015;0.29999999999999999;0.20941883767535069;0.12066405006895088;0.35773759093166613;0.16728750423298341;0.39402095549360761;0.036723025874468115;0.45481606290367876;0.15424228877961554;0.10592999152125569;0.18597781476285496;0.10615984377672616;0.085177246842757778;0.28027802847636624;0.26108265802269043;0.22079236552920764;0.21796759941089838;0.027181854025094512;0.16261551603634386;0.29272727272727272;0.019692447701029746;0.25617583861387494;0.2869641294838145;0.059705991085073268;0.1354356893247661;0.095106958446029011;0.27728142175734244;0.33602299396144819;0.12601942692991211;0.21307976224004269;0.26744273375891853;0.12169212310761805;0.20985299301250285;0.43398268398268397;0.35806287798347258
algerino_off;0.04278065193010383;0.043195638498637029;0.031246755943112218;0.022606643590571868;0.2093005336055942;0.11570342553581242;0.11535295979740424;0.26793993920225995;0.076734992548701156;1.0;0.024045010364228604;0.19323284156510584;0.15517797612646522;0.085376930063578563;0.18124793661274349;0.098530073789904291;0.025658726300437529;0.094990574665447289;0.13698215905654673;0.062473383984007334;0.048402098292347186;0.029430419890904478;0.11273423710991776;0.16891152938467738;0.047023440955329503;0.016887723418275893;0.11453925443695265;0.26956521739130435;0.063126252505010014;0.085127824334358754;0.15761488796050133;0.087876735523196747;0.10410458521580314;0.029559429344332068;0.2614995787700084;0.1175324094769781;0.019920523087228477;0.18415663857930831;0.07260961286276299;0.10122087036920296;0.20751107938090171;0.14123824959481363;0.057547715442452282;0.037800687285223365;0.013870785691645213;0.039178380057466801;0.098181818181818176;0.013282746073396374;0.072864631092011439;0.15145900880037055;0.047433249898158857;0.088907676699357452;0.12204151884505954;0.23829931478656691;0.14532078158373546;0.038656060569174963;0.19690793471977233;0.16368757040931281;0.11125790318014532;0.042858031474838791;0.17082917082917082;0.058076727759567889
hocpoc;0.0029268116204189429;0.032361780946389876;0.027985397418595799;0.00140024409660603;0.0095548149717786211;0.01779172009525554;0.021494143716365939;0.02619215770565296;0.034668617984847536;0.008091840395423924;1.0;0.017519243104554202;0.06054414453167007;0.011716621253405994;0.028722350610762629;0.066998101426865783;0.009139523578026252;0.0041620784262490903;0.031650035278701742;0.0023517030181544963;0.032069645448119348;0.048522136242547254;0.0076232678658605278;0.0018994992229321361;0.0033259619637328614;0.0077747254982251284;0.013260482058436022;0.069565217391304349;0.028056112224448898;0.017343799724196456;0.031727482544041605;0.0076193701320690825;0.050466211669710659;0.0014592326868121846;0.054479078910418421;0.0049530621367903441;0.020403298563441225;0.0087399029286952881;0.0056801984149609441;0.0023377251045409654;0.016837964896210783;0.015183144246353322;0.05537883169462117;0.040255277368679433;0.0014508327470732091;0.029005203075250445;0.052727272727272727;0.00080272442553616056;0.021076546183639674;0.020705745115193935;0.0022911314610260408;0.0046950738360951412;0.0041308089500860581;0.019999515750223965;0.026843867837460116;0.0089405263286023804;0.0083749610897825479;0.019958693203154337;0.0045565456530824089;0.016628999149889072;0.059773559773559776;0.036886570333779602
stillfresh;0.04251655149958395;0.054700496260571746;0.042198691996262847;0.0094090726626668703;0.17121611989751689;0.11585226231910606;0.18448876226654004;0.21580127122547363;0.068462712272780002;0.096065691393949063;0.025880959431448032;1.0;0.10646306054414453;0.051316984559491373;0.14460217893694288;0.059853986024935898;0.0088089450656295577;0.059715560200824948;0.089204717266404596;0.040754714933992284;0.02875851036124856;0.038690853735887355;0.14923579556123023;0.033701721061417139;0.064732419283502873;0.012243768965638805;0.08813454235449121;0.065217391304347824;0.038076152304609222;0.031505250875145857;0.13418446346665108;0.16237724348120555;0.11487071037200808;0.013762039417223929;0.22482448750351025;0.12284309342869915;0.016212203960569313;0.094709875306070876;0.043542248702890703;0.070016180209712328;0.12064065088837103;0.14084927066450567;0.03007518796992481;0.036818851251840944;0.0085173932426756138;0.025122311097305273;0.089090909090909096;0.0069690387979693038;0.11225313753130688;0.13437290926869436;0.025583908863358616;0.09820200653815804;0.070792792159893217;0.12866516549236096;0.20088073200959838;0.035661684154149526;0.16880364051405955;0.12848291400675929;0.14508149206648782;0.077401563374733043;0.23942723942723942;0.14048289552652232
lordkossity;0.006526536666546073;0.015488921506954637;0.011496937610297934;0.0035729201441872973;0.031708115813604054;0.033007418941198019;0.046217157328268442;0.049467252126385607;0.028404172727353853;0.0287599154940806;0.033343204027243112;0.03968890314304041;1.0;0.023887375113533151;0.063387256520303734;0.047992797165841344;0.0098979095770539618;0.013718061180686462;0.081544199173470416;0.006843537156636441;0.038121457891538625;0.01154382849169098;0.017975390238712179;0.0077131180567547343;0.006262715612560814;0.0052988537228921872;0.023087654033945595;0.11739130434782609;0.071142284569138278;0.04402248859658428;0.04087177539513278;0.020149001015916018;0.051235220609439587;0.0041933004873079644;0.098680146026397075;0.016003576218149306;0.010762875772817931;0.024825506923083628;0.013156394321226979;0.0071077349807728675;0.035534841116963242;0.035254457050243111;0.032388663967611336;0.039273441335297005;0.0029423815818973181;0.039799642773938028;0.090909090909090912;0.0021829266863921202;0.018325646324606183;0.050675038169248454;0.0069817109783578734;0.01246759102694172;0.013959043169763603;0.050386189196387494;0.048624845080821662;0.010778537867906614;0.022516045832530425;0.055069470521967707;0.0090726485932676355;0.013622509278649775;0.10755910755910755;0.023221457919763631
nor_officiel;0.0078651278897290261;0.0058572726637310408;0.0048012041939167445;0.0015624345325063423;0.013137870586195604;0.012845759296574465;0.033080088635644191;0.02742039487825099;0.0082722802759211504;0.018734802885956869;0.0076399170861711574;0.022650737652341244;0.028282611033444455;1.0;0.034664905909541105;0.011665459670000588;0.0026835196888672823;0.0068030385038914502;0.032960387057756273;0.0054981568832746987;0.0047000756476555427;0.0080553088925535959;0.015484371674990925;0.020923271743510045;0.033436532507739938;0.0015877578581132935;0.0098349221111369445;0.073913043478260873;0.0070140280561122245;0.0074254800042431318;0.021531449940109262;0.043176430748391469;0.049601076612515622;0.0023084582668422265;0.031058691378826171;0.011551184622261958;0.0024500855417796913;0.017078972821777432;0.0052668339129938995;0.013984324108512471;0.013012379271791694;0.018217179902755266;0.011422787738577212;0.0068728522336769758;0.0012982762663862927;0.0053972198493437915;0.025454545454545455;0.0010245696410680469;0.009730795023745329;0.013432144511347846;0.0038358202980590139;0.0081445158381242243;0.0060838104605008955;0.018546766422120529;0.020119716267172957;0.0037734011734060421;0.015727139320812891;0.013668794592564776;0.016001833402984673;0.017873063924194986;0.034049284049284048;0.015927242509579428
lim92officiel;0.0041568684201005752;0.0046550639547074859;0.0042302501816671861;0.00082581963612575709;0.010074935948064957;0.014150943396226415;0.017600506489395377;0.015967083243774372;0.0062287504127216424;0.010941922111053534;0.00515250222090613;0.017559332905708786;0.020647381438864396;0.0095367847411444145;1.0;0.010393219940889785;0.0013417598444336412;0.0037234737490434685;0.01995766555790747;0.0037350577347159647;0.0056673735382020661;0.0053913484713941397;0.013043423836168588;0.0083175041731422331;0.0070765148164528974;0.001064380801553318;0.008098891730605285;0.030434782608695653;0.017034068136272545;0.0051713164315264669;0.015863741272020802;0.026413816457839485;0.032682879938479285;0.0010435905895439599;0.026621735467565289;0.0063746088511399193;0.0021845590298626805;0.0086004827423950651;0.0049853184332059979;0.0065876568114480241;0.011988631006102079;0.012888168557536467;0.0080971659919028341;0.0098183603338242512;0.00086740728714892036;0.0086588491108177366;0.054545454545454543;0.00052192204880670333;0.0098129114374478216;0.014358499305233904;0.0015776547573355059;0.0046894374929545707;0.006990059362815694;0.015495992833103314;0.019038578171558157;0.0024922706137254424;0.00951632746839008;0.013912880210289148;0.0096523274781272327;0.0076302639490762819;0.024808524808524808;0.011495314159087762
akhenatoniam;0.023761803118555767;0.092374362200321525;0.07604934426796775;0.012546106010372078;0.087823390032940998;0.11458142516944496;0.1250079138968028;0.20011054134553383;0.14125342447417033;0.10033084864670945;0.20272431151909978;0.12259461193072482;0.26368426712549736;0.054132606721162581;0.175305381313965;1.0;0.051696645600388919;0.040631590735176096;0.18123173067231127;0.028337072007681686;0.16988479234098491;0.11233033109222378;0.066656652521686885;0.030823691935762391;0.025174701459531181;0.025112607421107009;0.1094086646516314;0.42173913043478262;0.29959919839679361;0.084915667762808955;0.20947150077419732;0.055028784287165594;0.28674420840142267;0.012905836631724158;0.31951698960966018;0.048600804649083597;0.068608429863284026;0.087094047629421148;0.050419778778721704;0.031614448717140517;0.14372886835405527;0.11622690437601296;0.1884037015615963;0.19636720667648502;0.0093378997198836234;0.13450337811602081;0.28909090909090907;0.0064584546647775184;0.090629148589650599;0.13689465287427308;0.020321135157918533;0.041314395220381016;0.041251888018546491;0.15997191351299;0.16673258972127733;0.045116488545901598;0.076871766746216444;0.14241457003379648;0.041561627954003151;0.057683136701984286;0.26398601398601401;0.12709477863441207
grandcorpsmalad;0.014442313953909049;0.029705738449709931;0.02149728364303263;0.011047871858742944;0.042707711275066944;0.032034255358124201;0.031528964862298198;0.058034206405256854;0.049838927012966154;0.052596962570255514;0.055670713651169677;0.036321359846055161;0.10947413700397893;0.025068119891008173;0.045559590623968305;0.10406920984126362;1.0;0.030114410496649806;0.078621106743271843;0.016459208666852923;0.078152709054156277;0.039134847139413932;0.020754315470602226;0.026046163587175503;0.013073861123396728;0.015504706325811709;0.048926606215608771;0.091304347826086957;0.067134268537074146;0.067253633181287784;0.062578515294048911;0.019641043007111413;0.072382966451984998;0.01506578009642498;0.087447346251053076;0.023817612874385337;0.15301568718563019;0.033112294246303187;0.021391612976794573;0.017362205551703126;0.0586095882107305;0.036564019448946515;0.13490456911509544;0.083946980854197342;0.0065516823732840613;0.073076027024928172;0.08727272727272728;0.0076323068614419787;0.022746246595590349;0.042337845024273929;0.02269939083688698;0.022505918160297598;0.019185781024974535;0.072758528849180409;0.041979801176067297;0.021167563356622926;0.030609371062656567;0.047315058205031922;0.018549724315507086;0.01691928093056045;0.053946053946053944;0.029915516365818753
maskaleblanc9;0.083575123910133498;0.074746627524987772;0.053219834596352815;0.042315484726391496;0.23272524127834177;0.12927047078219453;0.14732510288065845;0.27644548162250132;0.10861048893013626;0.20287399848527127;0.026413976902576252;0.25653463758819756;0.15808151414130553;0.06621253405994551;0.13172664245625618;0.085220488931514363;0.031375789985415653;1.0;0.14474347344017741;0.095378239016570415;0.061733447424879399;0.054801471520994544;0.12861917458410005;0.093305704253727043;0.070977443609022556;0.04049663872610567;0.15938153917693559;0.14782608695652175;0.061122244488977955;0.084173119762384646;0.1657658710450203;0.13393159498814763;0.11794674613092378;0.092872585263942695;0.25672563886548722;0.17614662494412159;0.029331627526650715;0.17441465306158016;0.07192185985517989;0.087662064762865366;0.18636259547126097;0.16949108589951378;0.057403123192596876;0.054000981836033385;0.028326543023762217;0.04407082394967772;0.08727272727272728;0.028656581716704037;0.094365445413113994;0.14876571801073885;0.2027404098605777;0.14920527561717958;0.10435210228669781;0.18125469116970533;0.17770218600849089;0.083775592180538982;0.19034137230778353;0.16104018024784078;0.10771242534949245;0.069335876754649695;0.19838494838494838;0.095655786898111814
blackoofficiel;0.0070909156687529399;0.011938212064024603;0.010303124675594312;0.0031748777827486142;0.02675733466895263;0.022829272760578861;0.036087369420702751;0.050910430804188292;0.024040477953971497;0.027085741619165306;0.018596387326029019;0.03547947402180885;0.086998602000215072;0.029700272479564034;0.065368108286563226;0.035192108199095733;0.0075838599902771026;0.013400772690793034;1.0;0.0068869365202932709;0.01907313020077632;0.020169986045921604;0.019026875461589494;0.014764289414608877;0.016010614772224679;0.0041232891942976305;0.023707664884135473;0.10434782608695652;0.053106212424849697;0.02118913758353665;0.050746443074585874;0.045208262783609891;0.11304431414015188;0.0036490784606689943;0.10867733782645324;0.016432722396066159;0.006976105631274195;0.022141668336804313;0.0092579394492274363;0.0093351404736388664;0.043024367902797796;0.028421393841166938;0.040052053209947945;0.041728031418753066;0.0019342718649256673;0.023569154306127202;0.08545454545454545;0.0017040887169221036;0.019215240806383184;0.031564681865747173;0.0063059096121559476;0.012664863036861684;0.0093715971758755144;0.043582479843103074;0.038973709885821273;0.0099477809966648009;0.022871796392096407;0.029722117912129177;0.013952735949527494;0.019200066350121295;0.067182817182817184;0.027653386270255296
rohff;0.43417025433233242;0.14553714964702594;0.11719263642340566;0.098970631366819356;0.54782223420854925;0.41843744275508332;0.43257359924026589;0.5300150459053643;0.24770437529559794;0.45904253198867939;0.051347349718685223;0.60234926234765873;0.27131949672007744;0.18410535876475931;0.45460548035655329;0.20447828384647002;0.058998541565386482;0.32814162265066538;0.25592178207841954;1.0;0.14193236355519179;0.095268298870988199;0.54037578079036641;0.29683992402003107;0.28012383900928794;0.074164969532946989;0.52687747035573118;0.30869565217391304;0.20240480961923848;0.15500689508857537;0.41032457857372401;0.44361666102268882;0.34307411323656639;0.17494944017893541;0.46110643077787139;0.55443004023245412;0.073318508103084629;0.46626467179616771;0.26146730144249958;0.46006955388850362;0.46595363497986181;0.52060940032414915;0.11972238288027762;0.13500245459008345;0.12585858117319026;0.1250291216898346;0.3418181818181818;0.1020276350355198;0.2929776780215419;0.38755939821247837;0.21913624579390178;0.46680757524518091;0.39419719695106958;0.43168446284593592;0.51644120981989816;0.17503103926771674;0.55362198538458118;0.42151708599324073;0.47962361315197022;0.20734412905098593;0.38353313353313351;0.23106043118969577
joeystarr_;0.024876089866502658;0.097630530509540778;0.072000761272016336;0.016292705079669293;0.088593939627439278;0.10226231910606338;0.087654320987654327;0.12463536708938495;0.12623481853633289;0.07778929325945709;0.15315368670417531;0.092968248877485574;0.33057317991181845;0.034423251589464125;0.1508748761967646;0.26812941613982894;0.061273699562469613;0.046454767726161368;0.15502469509122063;0.031044107315776483;1.0;0.080997082329062539;0.052248801432022735;0.029902722615552869;0.023494029190623617;0.037022825205622098;0.092846624815934281;0.27826086956521739;0.53707414829659317;0.10822637106184364;0.13114610418066552;0.045208262783609891;0.16918196674036334;0.018398890823679039;0.2131985397360292;0.044094769780956639;0.06282417618891005;0.065126654525492114;0.050359199498261016;0.028630565887074744;0.116788124520118;0.090476499189627232;0.17235396182764604;0.18802160039273441;0.014398548651859411;0.23037198105148715;0.31090909090909091;0.010518562246479483;0.077490522397251835;0.1163776096615374;0.026036012913221926;0.039336038778040809;0.042586673223506268;0.13370136316311954;0.12008543627877541;0.045706843245611903;0.060018083986777937;0.1232256853173113;0.032637269308025185;0.04638288166870555;0.18498168498168499;0.083144822492036377
bigfloetoli;0.0063311747042436957;0.069364646676452091;0.055823730924945497;0.001907089208794506;0.012637013349771724;0.017081883128778164;0.021494143716365939;0.026222863634967911;0.039612353985775603;0.0092478175947702003;0.04530648504589873;0.024454778704297627;0.019571996988923542;0.01153496821071753;0.02806206668867613;0.034663639388542014;0.005999027710257657;0.0080628604490565331;0.032053220441487756;0.0040741152632849517;0.015836402643947568;1.0;0.011854244119819245;0.0067921487365452142;0.015196815568332597;0.011286504193795947;0.013260482058436022;0.039130434782608699;0.019038076152304611;0.0061525405749443089;0.028747553244324986;0.019641043007111413;0.073728732096510624;0.0024509926071524329;0.038696995226060092;0.0094143942780509603;0.0085119351149759975;0.0093934350519775875;0.0050708421232681456;0.0062777112357897836;0.018117650228322804;0.013043760129659644;0.021255060728744939;0.027000490918016692;0.0018940711706906016;0.020307525044653257;0.02;0.001407791188852259;0.04545143498432945;0.015456401283172936;0.0042125736729451049;0.0085390598579641527;0.0052407882257894554;0.018256216556499841;0.021807346465205813;0.0092843927258563184;0.011917643745460475;0.011547127300037551;0.013764003289340649;0.03759149059694375;0.03121878121878122;0.10599695304925903
officielniro;0.15316377844506349;0.080044733347312505;0.0667151112495242;0.020211631487110592;0.26079251025794148;0.28636197105697014;0.4799620132953466;0.33100991801516871;0.12291519797253282;0.17949535616056125;0.03606751554634291;0.47795060936497757;0.15442520701150661;0.11235240690281562;0.34400792340706504;0.1042257931925388;0.016120563928050557;0.095886448048675785;0.15321036185868361;0.11709419560635692;0.051762838399246003;0.060065964734238232;1.0;0.11388361250215852;0.23233967271118974;0.023532984957655271;0.20206153607688135;0.15217391304347827;0.076152304609218444;0.051103214172058979;0.2636068830523825;0.45411445987131732;0.27915024512159953;0.032444005434246317;0.34327436113451276;0.22391595887349128;0.032339922212801395;0.21331288503934262;0.11172601060493757;0.24198344155161908;0.21999811414793163;0.36615883306320907;0.053499132446500869;0.060873834069710357;0.026166013405385345;0.047914887007843444;0.17272727272727273;0.017294856478995188;0.18718436503483105;0.25191703978179197;0.049300533812438041;0.18539059857964152;0.16441743650988794;0.20713784169874822;0.43941671281280492;0.068371594809747541;0.31166713605976609;0.22273751408186257;0.32270588711090742;0.21144954280619543;0.38070263070263072;0.19491251558099812
jul_levrai;0.029499656307658911;0.011924232892989446;0.010917332779680957;0.0079926095224708091;0.045423898595673362;0.034907950174024545;0.047420069642291868;0.050019958854054719;0.017945583209145018;0.1169729341890222;0.0039087947882736158;0.046945157152020529;0.028820303258414882;0.066030881017257043;0.095411026741498844;0.020962596151964143;0.008799222168206125;0.030254390712779262;0.051708497127305714;0.027976314797284286;0.012884903952279972;0.014968920461753139;0.049532464606256335;1.0;0.05933657673595754;0.0053056332184434818;0.02991552352166163;0.073913043478260873;0.031062124248496994;0.022541635727166651;0.036664816383768152;0.079072130037250249;0.056810535422474287;0.014232502414611464;0.042628475147430497;0.041215914170764416;0.0050962986207708115;0.059854828731014893;0.02015508295797936;0.06825631973775452;0.039104489674959927;0.043163695299837927;0.025737420474262581;0.016691212567501227;0.0066753768170842642;0.010561466180010873;0.045454545454545456;0.0060034263180988277;0.023225259008854887;0.027361775856449316;0.020412968793047017;0.029720437380227709;0.0372194316625101;0.049223989733904745;0.034833742056271919;0.0097134649560581352;0.052399092836073108;0.028802102891475778;0.073848393750252761;0.029712413693006281;0.026223776223776224;0.025575919855962328
gradidur;0.091053145689374476;0.043531138603480811;0.039932177583999445;0.0079770662723636955;0.062819055691471948;0.083714966111009342;0.32383665716999049;0.08413424632296497;0.047108271387904799;0.052975644756248254;0.011134142730233935;0.14668858242463118;0.038068609527906229;0.17166212534059946;0.13205678441729943;0.027852263608071873;0.0071852211959163833;0.037440041807424551;0.091220643080334646;0.04294909525889077;0.016468866649304911;0.054484333375618421;0.16439470752437818;0.096529096874460374;1.0;0.010020094424814038;0.056692242114236999;0.021739130434782608;0.018036072144288578;0.01217248329266999;0.079873791229659055;0.64629190653572643;0.20321061232336826;0.01487739554874226;0.073518674529626515;0.08747429593205186;0.0093658442385272933;0.085804410906144074;0.030724385654826387;0.11303557544810776;0.049247679728437299;0.12879092382495949;0.032099479467900517;0.024054982817869417;0.013585773077388914;0.017628329579871087;0.07636363636363637;0.0076285275562370065;0.089356344177261959;0.057657008560204483;0.022920733444632559;0.066046668921203922;0.038104605008957113;0.06176605893319774;0.11831869841520977;0.025427855004016845;0.078191008404606965;0.053154337213668794;0.14781811563919708;0.25416243339069855;0.10939060939060939;0.14736161765384792
orel_san;0.14203176440794471;0.52955895715384083;0.46069068133845464;0.19363713404093416;0.35441428598948199;0.37080967210111743;0.30959164292497626;0.43233948475450612;0.49501610729870338;0.24823613823892854;0.33959135327213502;0.36201090442591405;0.42026024303688569;0.10635785649409628;0.25916143941895015;0.36251003112094105;0.11118133203694701;0.27871927434255961;0.30652152000806371;0.14836614958133176;0.33861626796631822;0.52797158442217429;0.21725687533641269;0.11261727968687044;0.13073861123396727;1.0;0.30012400217003798;0.39565217391304347;0.19138276553106212;0.21942293412538452;0.36881007332963278;0.18303420250592617;0.38911852350283571;0.12177117357592744;0.52580735748385288;0.25151542244076891;0.35348216898952073;0.27041416509092808;0.36138391584468899;0.13715879720103386;0.37122997965973842;0.313192868719611;0.22975708502024292;0.23269513991163476;0.15182204492685278;0.25149491341150887;0.31272727272727274;0.12490641495486186;0.35381225450613818;0.40648105261352135;0.17322413764684552;0.23677150264908128;0.19558115845305421;0.36296941962664342;0.3665585528571052;0.41563101005428826;0.26863614129226393;0.33481036425084493;0.1773817387670365;0.24105828443467622;0.44755244755244755;0.41147684779096072
keryjames922012;0.14415903910857061;0.12906968616761025;0.10220076819267103;0.046591905886296393;0.36680087072104178;0.32611284117970324;0.35362456473567583;0.53336199220069391;0.26262482041031227;0.29455494877825167;0.10133254367782055;0.45590121872995509;0.32035702763738039;0.11525885558583106;0.34499834929019479;0.27631089624395688;0.061380651434127367;0.19191287631348103;0.30833585324060075;0.18440118371764375;0.14856703498394039;0.10852467334771027;0.32636098489115878;0.11109192425027341;0.12941176470588237;0.052507193044779923;1.0;0.35217391304347828;0.22945891783567135;0.15553728651744989;0.5789243039527886;0.26616999661361329;0.41564933192348363;0.065831927094183298;0.52917719741645608;0.28341528833258828;0.082364513588620986;0.30472024468242698;0.17095829294714637;0.18258421063691188;0.42682220456106795;0.43225931928687195;0.21009253903990746;0.18556701030927836;0.039267831971405966;0.12192280810747845;0.29272727272727272;0.031839134629811389;0.20665964115127211;0.35189473864786508;0.10479866064175228;0.25746815466125578;0.17845375671783342;0.39977240260526381;0.49558315534108588;0.1623779730749568;0.36537064761424781;0.37540368006008262;0.21840413054907723;0.14331626200004147;0.44297369297369299;0.20673099118230923
donchoarap;0.00011938786585145255;0.00033550010484378277;0.00038928682653379011;8.6501565813499926e-05;0.00078981333436073278;0.00076708188312877819;0.00069642291864514089;0.0019344735468418953;0.00061573607231775549;0.0012356997648184319;0.00094758661533905829;0.00060134701731879409;0.0029035380148403054;0.0015440508628519528;0.0023109937273027401;0.0018985731342115049;0.00020418084589207583;0.00031728848989342838;0.0024191109767160569;0.00019258467622718483;0.00079368032044842935;0.00057084866167702653;0.00043811884286554758;0.00048926495136130776;8.8456435205661217e-05;0.00012338681903356936;0.00062776098581725183;1.0;0.0090180360721442889;0.00060995014320568575;0.0012562447047824944;0.00050795800880460546;0.0018263962318561954;6.179810558904061e-05;0.002808199943836001;0.0003755029056772463;0.00026250916519068125;0.0007580972630074677;0.00031002337647528366;0.00023639916787492908;0.0010911001252744588;0.00073905996758508912;0.0023134759976865238;0.0034364261168384879;4.4839235877573423e-05;0.00046594703735342084;0.0072727272727272727;3.6281329967736071e-05;0.00056112882696703027;0.0011493661331549243;0.00012244484683797958;0.00028181715702851992;0.00031613333801679019;0.0011379869736810246;0.0010547688737705351;0.00022214377875696861;0.00063738641922238856;0.0010889973713856553;0.00039094622467275103;0.00016587530324078874;0.0014152514152514153;0.00064632288444670149
officielks;0.00043775550812199268;0.0009645628014258754;0.00088238347347659087;0.00018516741431952327;0.0012521430910596982;0.0016830005495511999;0.0016460905349794238;0.0022722387693063532;0.0018650556393392883;0.0012556304061864712;0.0016582765768433521;0.0015234124438742783;0.0076352295945800626;0.00063578564940962757;0.0056124133377352262;0.005852302753909691;0.00065143412736995627;0.0005692528789264451;0.0053422034069146255;0.00054791696616748355;0.0066470726837555959;0.0012051249524292781;0.00095134377307947479;0.00089218902895297299;0.00031844316674038036;0.00025897673005946976;0.0017747810586685266;0.039130434782608699;1.0;0.0013790177150737244;0.0028046393409097547;0.0015238740264138164;0.0076900893972892438;0.00021031290773044464;0.0039876439202471215;0.00059901654000894052;0.00091727340480421947;0.0010456513972516796;0.00074476880095786528;0.00054109142869150433;0.0021956706224658864;0.0015818476499189628;0.0039039907460960092;0.014727540500736377;0.00015358726771858483;0.0028733400636794283;0.016363636363636365;0.00010695433730072196;0.0011085715849836451;0.0016296982485032509;0.00030846682568798697;0.00056363431405703985;0.00061821630545505642;0.0025180988353792886;0.0023468607441394403;0.00047776127760060374;0.00088937639891496084;0.0017085993240705971;0.00078189244934550207;0.00076717327748864795;0.0021645021645021645;0.0016619731314343751
diams;0.0087731992330234067;0.020731110645138742;0.013841309387868093;0.011320216632358885;0.05952495617499181;0.038834951456310676;0.040550807217473887;0.069211164675898912;0.040602885928199821;0.063977358791405911;0.038732602901984006;0.047626683771648491;0.17851381869018174;0.025431425976385105;0.064377682403433473;0.062672486347889064;0.024657267865824017;0.029619813732992405;0.080536236266505398;0.01585433003588585;0.05060952168359438;0.014715209945452239;0.024121571720054576;0.02446324756806539;0.0081203007518796996;0.011218709238282998;0.045454545454545456;0.10000000000000001;0.052104208416833664;1.0;0.071956528090215896;0.017947849644429394;0.051619725079304048;0.011016010693065754;0.11412524571749509;0.028618685739830129;0.014851380586994633;0.043072123805125435;0.024089172700838133;0.015528798671962009;0.066395463178738359;0.042969205834683957;0.081983805668016191;0.048109965635738834;0.0066052832989308159;0.042595324998058556;0.10545454545454545;0.006620208927550341;0.02137763970054881;0.06716072255673923;0.015856607665518354;0.023977003719986473;0.031894341213249501;0.10500956393307669;0.049732352398280728;0.020017284611826568;0.043475682966959667;0.073732632369508069;0.016581512287844269;0.012274772439818367;0.085414585414585409;0.022436637274364065
medinrecords;0.035950218877754063;0.054728454602642064;0.044612270320772342;0.010860677063974667;0.1203983741403556;0.12495420406667888;0.17742956631845522;0.25501274296066573;0.10927084355841908;0.10752581018057161;0.064317441516138579;0.18413245670301476;0.15044628454672546;0.066939146230699367;0.17926708484648399;0.14033782858037619;0.020826446280991735;0.052949849754568019;0.17508315693982462;0.038096503910011417;0.055669233726453118;0.062412787010021564;0.11294703769073816;0.036119265526967134;0.048367978770455552;0.017116870367909664;0.15357668759203286;0.18695652173913044;0.096192384769539077;0.065317704465895826;1.0;0.12055536742295971;0.33490339325194657;0.014171701052660957;0.31210334175793314;0.078605274921770232;0.033619277224765175;0.096731468007424132;0.04976409715491191;0.049586038790476794;0.16262780015356224;0.15231118314424635;0.12058993637941007;0.084437898870888567;0.0087761207876243703;0.050438766793507804;0.16545454545454547;0.0065374421435614432;0.079803468049872039;0.13643147547733003;0.023975642894313615;0.065770488107315977;0.04791878885805613;0.17755018038304157;0.2180207262083696;0.052340725953696716;0.12194832723122304;0.13905369883589935;0.072486822416047675;0.068382093761015159;0.28629703629703629;0.11795392641152301
ixzoo;0.015473390977171594;0.0057454392954497798;0.005129935291878612;0.0012556242912615848;0.017992333031534743;0.018009250778530866;0.075340297562519781;0.023152270703472842;0.0088166266586948185;0.010344002870012357;0.0026650873556411016;0.038446119307248235;0.012797074954296161;0.02316076294277929;0.051502145922746781;0.0063611986455540115;0.0011278561011181332;0.0073816233972265255;0.026912609615966133;0.0071066457988059753;0.0033111350868707911;0.0073576049727261195;0.033572421044725673;0.013440396016807691;0.067527642636001764;0.0014657269381899833;0.012183213206231109;0.013043478260869565;0.0090180360721442889;0.0028110745730348997;0.02080107511174735;1.0;0.056906661539940402;0.0022197480830127973;0.022465599550688008;0.019231113097898971;0.0018767896637770544;0.017828356323141135;0.0062467928616226692;0.015544558616487004;0.01216374584102267;0.031338735818476501;0.0066512434933487562;0.0093274423171330386;0.0019456105222740193;0.0045818125339753052;0.023636363636363636;0.0010665199288432416;0.013905046053622017;0.015267699380714666;0.0035603193926735596;0.012360500507270883;0.0068425304717411924;0.015108593012275733;0.033831711626189913;0.0047836989069308857;0.017831996798244962;0.015752910251595944;0.023685948853449091;0.039519790997117915;0.037296037296037296;0.02502192881215087
monsieurbors;0.013997322817553634;0.021765569301740405;0.020813868992006643;0.0023970394839100328;0.024484213365182715;0.039270012822861328;0.084931940487496041;0.074277643012865782;0.036578292180151885;0.021584884601586481;0.031092685815812853;0.047907312379730595;0.057317991181847508;0.046866485013623976;0.11224826675470452;0.058386017106731129;0.0073213417598444333;0.011450381679389313;0.11853643785908678;0.0096807705557017277;0.021826208812331809;0.048648991500697701;0.036351346276615723;0.017009152132619582;0.037399380804953558;0.0054886795983284473;0.03351158645276292;0.082608695652173908;0.080160320641282562;0.014241009865280577;0.10178503608051652;0.10023704707077548;1.0;0.0032473907743402306;0.093906206121875876;0.017684398748323647;0.012633630743142325;0.026681538153205356;0.012411625520269115;0.014457122444262329;0.03758233764834247;0.047390599675850895;0.047137073452862929;0.057928325969563085;0.0027083929257086018;0.036732158111361345;0.12545454545454546;0.0014206408265491656;0.032928681894699385;0.039198531556104504;0.0052062606992071695;0.014817946116559576;0.0084723734588499772;0.044429916951163412;0.072937267621232496;0.013480779998539329;0.026859167247231815;0.034716485167104766;0.024090375982420902;0.048642932675361295;0.10406260406260406;0.074927288675499748
maitrgims;0.44117796027640099;0.21444048367931781;0.16580158482992491;0.25700155837977162;0.58538652694034021;0.40764105147462903;0.4290281734726179;0.61255258390395184;0.32877629148410242;0.5910631004105712;0.086704175303523839;0.55351988454137269;0.45241423809011722;0.2103542234332425;0.3456586332122813;0.25343015403887181;0.14696159455517743;0.86951977453853191;0.36901522023989519;0.47609373177565784;0.22891476617433684;0.1559685398959787;0.40745052386495928;0.41095377885224199;0.26406015037593983;0.16564883840123223;0.51187320778113621;0.26956521739130435;0.21142284569138275;0.29309430359605387;0.41537877238598847;0.3770741618692855;0.31317889070460442;1.0;0.54883459702330806;0.53322306660706298;0.11852439675695574;0.52421118672719824;0.27727493015565313;0.37614259597806216;0.51363875156593075;0.51770502431118315;0.16049739733950261;0.18703976435935199;0.21315026555650904;0.1620330822396521;0.27454545454545454;0.22553343948141885;0.27106628163192686;0.43881769680750693;0.73015981407220953;0.50062563408860328;0.38930064280445398;0.46858429577976318;0.48957097276059386;0.3362739489251893;0.5064109215421787;0.4619038678182501;0.37487698674827108;0.22353770552986793;0.47069597069597069;0.24601818937260514
aketofficiel;0.019789443218407438;0.052589641434262951;0.040269559500328733;0.0080588372837967701;0.10286837086551984;0.1011517677230262;0.14169040835707503;0.19673288912088924;0.07226421324100267;0.09279706620959062;0.057447438554930411;0.16047947402180884;0.18894504785460803;0.05022706630336058;0.15648728953449983;0.1113503356755593;0.015138551288283909;0.04265663786184886;0.19504082249773208;0.022269298476411091;0.047075164006597468;0.043701636432830142;0.076508067645549335;0.021844241063719565;0.023157894736842106;0.012693927470244793;0.073021777881112915;0.21739130434782608;0.071142284569138278;0.053887769173650152;0.16234771684828653;0.067727734507280729;0.16072286840334518;0.0097401788357436257;1.0;0.059052302190433614;0.02425946767969054;0.079452078667840126;0.039319516506072183;0.030537519174599171;0.17027897140240042;0.11388006482982171;0.058849045691150952;0.046146293568973984;0.0058141542521253538;0.041546944164013354;0.13090909090909092;0.0045087111095322013;0.065652072755142538;0.13451014701593672;0.017966426564880462;0.04474129184984782;0.042010608029786789;0.14815621897774872;0.16989689634258892;0.031830464736957421;0.097090256881549888;0.13246338715734135;0.047169684142412273;0.04082605901013913;0.28563103563103565;0.086191773232999397
sultanofficiel;0.14593538583987556;0.10406094918571329;0.076481885186338625;0.039013557768854297;0.43563021324960027;0.24645081516761311;0.30427350427350425;0.42091687904934444;0.15395186550182491;0.26200821142424363;0.032810186556114895;0.55083386786401545;0.19249381653941283;0.11734786557674841;0.23539121822383624;0.10639838719148187;0.025901798736023336;0.18385934787883312;0.18526358230017134;0.1682077961531889;0.061162989694557086;0.066789293416212106;0.31350532627336114;0.13267714269268405;0.17309155241043786;0.038144153769806295;0.24567929938773928;0.18260869565217391;0.067134268537074146;0.084889148191365227;0.2568582196383184;0.36420589231290212;0.19013746034797654;0.059446787345741464;0.37096321258073572;1.0;0.034765868980770449;0.28390306811547478;0.11923784138206284;0.198895753220282;0.29210501501946468;0.31526742301458671;0.063475997686523997;0.057928325969563085;0.035008619956552328;0.046633532655121532;0.12909090909090909;0.033283585079151877;0.1923987573049393;0.26673871648396891;0.097101118251110841;0.36041596212377408;0.18615335979486458;0.27004188760562697;0.3403475463439074;0.10631557806071525;0.40299126928835066;0.26306796845662789;0.26760943124064762;0.147421675755251;0.32592407592407591;0.17926226859332442
oxmopuccino;0.064194493686914364;0.19738589501642553;0.16204712965846568;0.079679430603443027;0.15850205158829536;0.23385693350430481;0.24327318771763215;0.29806245586022662;0.31328472885303538;0.13158209431179496;0.40047379330766952;0.21540250160359203;0.38358963329390255;0.073751135331516809;0.23902277979531197;0.44504903016186803;0.49306757413709285;0.090716512066294636;0.23304102409031346;0.065910071093582587;0.25820653050088671;0.17892934162121019;0.13416450736665539;0.048609911932308757;0.054913754975674481;0.1588435807668423;0.21155545222041386;0.37826086956521737;0.30460921843687377;0.13052933064601677;0.32551345350433841;0.10531662715882154;0.40248005383062579;0.039153086865211358;0.45155855096882896;0.10301296379079124;1.0;0.15174144526450623;0.30377302012657509;0.064416146588497342;0.23384565647857539;0.24366936790923824;0.31087333718912669;0.29749631811487481;0.066809430670552727;0.21651005669022289;0.41454545454545455;0.047069356675330097;0.17289610905059741;0.26637846739745769;0.055542866292581962;0.097283282606245067;0.07316730478766377;0.23227040507493765;0.32937795005669385;0.29525951262263556;0.14320442316529061;0.24650769808486669;0.079914800684829937;0.12942420535362542;0.45213120213120211;0.23193758367573059
alonzopsy4;0.12149343366737816;0.10647934577479555;0.079501020796567359;0.055434663610278011;0.37198281674404271;0.30912254991756732;0.37553023108578665;0.60754751742561486;0.19045876799243269;0.42121417467214095;0.059401835949067221;0.43573604874919819;0.30637702978814929;0.17801998183469572;0.32585011554968635;0.19563132449942261;0.036947010209042293;0.18678960040314302;0.2561233746598125;0.14514103436958356;0.092686979922368143;0.068374984143092732;0.30643283638138868;0.1976918206412249;0.17420610349402918;0.042077617088667668;0.27102224288925059;0.37826086956521737;0.12024048096192384;0.13108624164633501;0.32431563878582487;0.34642736200474095;0.29433817168124582;0.059963100550501511;0.51210334175793315;0.29129190880643718;0.052544075892304858;1.0;0.15910613489936712;0.20394418878312215;0.38145399194471757;0.38661912479740679;0.096009253903990746;0.078055964653902798;0.03545082759313805;0.069231963966762441;0.18363636363636363;0.029644492097283853;0.17868531621662309;0.35481104077676567;0.097913492715708969;0.21772629917709391;0.19452738065966491;0.3641800440667296;0.40748358515940197;0.1101285390851328;0.38054933815572983;0.35071348103642508;0.2335566669812211;0.15343465549772958;0.42565767565767565;0.1614422233507225
rimkofficiel;0.15546109040917477;0.16101209198294542;0.11788470189279907;0.11200668765230695;0.41047176898923154;0.4556695365451548;0.42092434314656535;0.52289127030429572;0.26584628015098921;0.4061067485151672;0.094403316553153691;0.48985728030788966;0.39703193891816324;0.13424159854677567;0.46186860349950476;0.27693722964905754;0.05836655323286339;0.18834804680938427;0.26186876322951314;0.19902405680976704;0.17525453575901881;0.090257516174045413;0.39246685943895754;0.16278132734703274;0.15253427686864218;0.13750579646869635;0.37181275672324265;0.37826086956521737;0.20941883767535069;0.17927230295958418;0.4079873791229659;0.29681679647815778;0.33480726713448045;0.077556622514245957;0.61971356360572871;0.29915958873491283;0.25721673903269898;0.38906074363241866;1.0;0.25716026812918952;0.48649595215323893;0.49872285251215559;0.13490456911509544;0.11782032400589101;0.093598039443065773;0.13166886697212082;0.31090909090909091;0.071899013941478976;0.23702902815224383;0.49939100749661192;0.11249855774098677;0.25990305489798221;0.26800379360005622;0.43587322340863416;0.53247369670121036;0.31257151203836697;0.43170330403332197;0.47294404806609086;0.28490543145634212;0.15268821663314602;0.50899100899100902;0.19611282950925626
lacrim_officiel;0.24804818928403458;0.097392884601943105;0.085245164192532613;0.044400307621193423;0.3595191770530331;0.32984520974537462;0.42298195631528968;0.37537998587527249;0.14468905328347953;0.38402359787937979;0.026354752739117561;0.53431686978832582;0.14549951607699751;0.24178019981834695;0.41399801914823375;0.11778982599675089;0.032134175984443361;0.15572332443681294;0.1791150085676847;0.23754912943588966;0.067586839788186567;0.075796016744894071;0.57660195025473482;0.3739423242963219;0.38066342326404246;0.035401169869752329;0.26936371386499264;0.19565217391304349;0.10320641282565131;0.078391853187652488;0.27576032019632474;0.5010159160176092;0.26453907526674997;0.0713678412625951;0.32648132547037351;0.338497988377291;0.036998705558254408;0.33828565453420589;0.17443981983009293;1.0;0.29594407101580072;0.38445380875202595;0.071139386928860612;0.055964653902798235;0.051695515818715482;0.04989516191659548;0.17272727272727273;0.0392745396900743;0.23990310263183107;0.27686000034309438;0.097868753252441237;0.27946680193890205;0.41242052759141523;0.27476332292196315;0.38301294728792551;0.081651532487766881;0.47762477209729776;0.25630867442733757;0.61290931395678017;0.22780899458831824;0.28762903762903763;0.19126540787590601
tunisniper;0.066274736804023016;0.11230866009645628;0.082658569500674767;0.033391631784459724;0.34062144824796287;0.2504808572998718;0.24286166508388732;0.45659716891331714;0.18567565879297881;0.30703153027464425;0.074030204323363935;0.35904425914047466;0.28368641789439725;0.087738419618528615;0.29382634532849128;0.20884304476326554;0.042304326689353425;0.12910841934339948;0.32194335248462858;0.093826711765838733;0.10751888091074817;0.085310161106177854;0.20443876976228922;0.083549185517757446;0.064679345422379478;0.037367223579627885;0.24557079748895605;0.35217391304347828;0.16332665330661322;0.13071496764612284;0.35271261211253613;0.15289536065018625;0.26819186773046239;0.038006831680898502;0.70996910980061778;0.19387572641931158;0.05238113916908306;0.24675630222810885;0.12869889959518788;0.11541532707138204;1.0;0.28193192868719613;0.10858877964141123;0.095238095238095233;0.022630929280278725;0.085345965675234919;0.18363636363636363;0.019933189442586496;0.15848467844581002;0.31214725610279109;0.064662652673418405;0.16154323075188817;0.15193368225086937;0.39062008183821217;0.33507370197505471;0.091054604766657735;0.29011458132606022;0.32352609838527974;0.14560724733415117;0.084928155259283836;0.38170163170163168;0.15871843405198283
general_mactyer;0.12681162041894287;0.097560634654365;0.075694660714903633;0.02731624837302719;0.28163587678911983;0.34509525554130793;0.51000316555872116;0.43479595909970215;0.17968784858246847;0.21710447642205127;0.069351495410127334;0.43549550994227071;0.29239703193891814;0.12761126248864668;0.3281611092769891;0.17545164510383435;0.027418570734078756;0.12198809234961459;0.22094546920673319;0.10891070309681584;0.086535957438892822;0.063808194849676522;0.35349931778637328;0.095809589593046682;0.17572755417956656;0.032751743008306237;0.25837402154537703;0.24782608695652175;0.12224448897795591;0.087885859764506205;0.3431885243506968;0.40924483576024384;0.35134095933865234;0.039797979999342148;0.49328840213423197;0.21738936075100582;0.056704997027913477;0.25982694469375484;0.1370659672729346;0.15576603837021161;0.29289976696256581;1.0;0.096732215153267784;0.10456553755522828;0.027768371846113804;0.073619631901840496;0.27454545454545454;0.019227593160818127;0.17274556229214283;0.3669051172525003;0.062946070109093644;0.1848607823244279;0.13203133232639011;0.29018667828866129;0.58808638557076176;0.096373883194975293;0.28356284185405334;0.35277882087870821;0.20415481470497041;0.18549005784901201;0.54054279054279053;0.19186556484003509
abdalmalik1;0.0019970333924242971;0.0066261270706647092;0.0052337451122876225;0.0010116628439281984;0.0067615726917223708;0.0068350430481773222;0.009148464704020259;0.012650842877759695;0.013626506991727719;0.0079323952644796102;0.022682854604678709;0.0083386786401539442;0.024088611678675126;0.0071752951861943689;0.018487949818421921;0.025503513338944236;0.0090714632960622269;0.003704809720226208;0.027920572522931158;0.0022459170692409724;0.014782295968351997;0.0093238614740580993;0.0046315420531500744;0.0051228918436654579;0.0039274657231313575;0.0021545236862015571;0.011260947066573665;0.069565217391304349;0.027054108216432865;0.015036597008592341;0.024365304274153496;0.0077886894683372844;0.031337114293953666;0.0011063854387715333;0.022858747542825048;0.0039248994188645506;0.0064872954616087891;0.0057859377314592939;0.0033247334511659729;0.0025846309020992244;0.010116249309643438;0.0086742301458670994;1.0;0.036327933235149733;0.00072464328326285324;0.014522015997514948;0.094545454545454544;0.00054384201899554385;0.0057207768212736258;0.0098982725198565862;0.0017801596963367798;0.0034325329726073725;0.0029154518950437317;0.012106244400861964;0.011866149829918519;0.004482435426150887;0.0066406771118983736;0.01105895606458881;0.0035724396392510008;0.0060959173940989863;0.016150516150516152;0.0092793499838419273
mcsolaar1;0.00081039036214319306;0.0021248339973439574;0.0018945292224644451;0.00027234477361594116;0.0020226926855579741;0.0023012456493863346;0.0033238366571699905;0.0038996530229987413;0.0039621277696968611;0.0015346593853390203;0.0048563814036126736;0.0030067350865939707;0.0086030755995268309;0.0012715712988192551;0.0066028392208649722;0.0078291675637587842;0.0016626154594069032;0.0010265215849493271;0.0085676847092027008;0.00074592656285177219;0.0047496806676835699;0.0034885195991373841;0.0015521924718665113;0.00097852990272261553;0.00086687306501547986;0.00064269617826276783;0.0029295512671471749;0.030434782608695653;0.030060120240480961;0.0025989180014850959;0.0050249788191299776;0.0032170673890958346;0.011342881861001634;0.00037975932628103986;0.0052794158944116818;0.0010549843540455968;0.0018285121161557797;0.0013854881013584755;0.00085523690062147214;0.00059887789194982036;0.0026132521518919139;0.0027617504051863856;0.010699826489300174;1.0;0.00026491226713876712;0.011726333773394423;0.040000000000000001;0.00017611562255171885;0.0022445153078681211;0.0021614945190674695;0.00052980943343356542;0.0010709051967083755;0.00073061927008324847;0.0032928984770344543;0.0041399678295493498;0.0011533218102587823;0.0016008775180469295;0.0027412692452121667;0.0010784723439248305;0.0025088639615169295;0.006077256077256077;0.0043395965098564238
booba;0.78763431134908291;0.36487034318864892;0.30882556489843938;0.4786408711788947;0.64487295563560709;0.67725315991939916;0.68429882874327319;0.63321767433291365;0.47063652831939745;0.53639335113803965;0.16671602013621559;0.6625240538806928;0.61393698247123352;0.2287920072661217;0.55562892043578738;0.35462214480045406;0.1235974720466699;0.51289684391272705;0.37828847898397339;0.66238007535214516;0.34645386113074644;0.23309653685145248;0.6355101580983139;0.37276233235480344;0.46634232640424589;0.39941398040454607;0.59048283344958541;0.37826086956521737;0.29859719438877758;0.33987482762278559;0.49747290309386777;0.63918049441246194;0.5051427472844372;0.41222127310077977;0.6335860713282786;0.60729548502458652;0.39113262144066235;0.59936738090466268;0.64714707223901025;0.52692323856353362;0.5914840308740924;0.69858022690437604;0.2032967032967033;0.25233186057928325;1.0;0.27758794750330046;0.50727272727272732;0.42270394926056004;0.47310003147795859;0.71904002195803951;0.43517134037077243;0.59399165821215194;0.56322315501071341;0.57533715890656401;0.70764443741265193;0.59398811987243472;0.57597497887731053;0.62985354862936538;0.50650453632429659;0.46403616081610649;0.61305361305361306;0.43866857485803978
gyneco;0.008190731160232988;0.033633885510589219;0.023833004602235371;0.0032140738047578563;0.024310839706420603;0.030087928191976553;0.027856916745805635;0.031320047901249731;0.037372502476329859;0.020110017140351575;0.044240450103642283;0.025938101347017319;0.11022690611893753;0.012624886466848321;0.073621657312644431;0.067800591102151059;0.018298492950899369;0.01059183635379533;0.061183348452776939;0.0087341219359371135;0.073576645956570805;0.033172650006342765;0.015446818631316734;0.0078282392217809242;0.0080318443166740375;0.0087821585371475677;0.024335425869952725;0.052173913043478258;0.074148296593186377;0.029091969873766839;0.037950276081685122;0.019979681679647816;0.0909353071229453;0.0041594112035978461;0.060095478798090421;0.01073759499329459;0.016824725346014237;0.015536637010831206;0.012083784708364216;0.0067505095715396412;0.029607877473497045;0.024583468395461914;0.0540775014459225;0.1482572410407462;0.0036845482446985333;1.0;0.21636363636363637;0.0023186037432506332;0.024675982317598915;0.029334568473058514;0.0055735952397211082;0.0097057828880622258;0.0092310934700902732;0.038158882351516911;0.036626849141681829;0.011581907149986611;0.015771608140758637;0.030229064964325949;0.0089108777416789121;0.024528810466731634;0.058524808524808528;0.039379530030931163
gab1mc;0.00061502839984081616;0.00083875026210945695;0.00065746219592373442;0.00010001743547185928;0.0012906705707846121;0.0018547352995054039;0.0025957581513137069;0.001842355758897043;0.001436717502074763;0.0010762546338741181;0.0017175007403020433;0.0019644002565747274;0.0053769222497042695;0.0012715712988192551;0.0099042588312974571;0.0031120941065941165;0.00046669907632474475;0.00044793669161425183;0.0047374256627356112;0.00050994252296775698;0.0021206146061981471;0.00069770391982747681;0.0011891797163493434;0.00071950728141368791;0.00074303405572755414;0.00023321464696454867;0.0012477718360071302;0.017391304347826087;0.0090180360721442889;0.0015381351437360772;0.002658564375237372;0.0022011513714866237;0.0066327021051619727;0.00015050828941846987;0.0040438079191238412;0.00063477872150201158;0.00068795505360316463;0.00088008992602016368;0.00060935629169279895;0.00049906490995818358;0.0013605075636138313;0.0019578606158833062;0.0075187969924812026;0.010800196367206676;0.00014379479091773545;0.0046206414537547568;1.0;7.6341965140444649e-05;0.0010401412402315682;0.0019041737429880089;0.0001883766874430455;0.00051290722579190617;0.00057606519371948431;0.0019612115929396384;0.0034543680615985021;0.00041994303381454344;0.00088937639891496084;0.0022530980097634247;0.00051227436336429445;0.0010781894710651268;0.004329004329004329;0.0018004708923872398
lafouine78;0.596085525125719;0.36340253022995739;0.28697359770234265;0.59297296420592238;0.87501685577237964;0.59488917384136286;0.52006964229186448;0.71983910093038961;0.4649788954230285;0.70048232152110657;0.12579212318625999;0.73925593329057093;0.62114205828583724;0.24623069936421435;0.4559260482007263;0.33448161124268461;0.19635391346621292;0.70759999253438843;0.45449047475052917;0.73226661314078478;0.34515172935501071;0.23626791830521376;0.57283412820609114;0.45717492661025727;0.35709862892525429;0.44812601183971101;0.65291792606370613;0.41739130434782606;0.28356713426853708;0.46454333297973904;0.50536095124017644;0.47781916694886556;0.36133807555512831;0.59481573698726264;0.67003650659926983;0.78737594993294591;0.37579544803072867;0.68349874957520407;0.67793203717429729;0.54592447834583624;0.71046782601667635;0.65965640194489461;0.20806824754193176;0.22876779577810505;0.5764521856550523;0.23821542284693639;0.36727272727272725;1.0;0.43869325413661436;0.72586759988334792;0.62475834803063945;0.76660466689212037;0.63773227018862622;0.65979031984697711;0.611133085462648;0.64736348808335564;0.70927767813468123;0.6624483665039429;0.52444761994634603;0.30734620249227645;0.54753579753579751;0.35067633073265314
guizlabanquise;0.063868890416410404;0.25366603760397011;0.23962766877746636;0.015162102582747533;0.16491687696249349;0.17162026012090126;0.22697056030389365;0.2439893143365984;0.16703402611077894;0.10611073464344083;0.091205211726384364;0.32881654906991659;0.14399397784708032;0.064577656675749315;0.23671178606800924;0.12961186901802665;0.016159455517744288;0.06434423934750555;0.14151799213788932;0.058065636112610501;0.070215905849671981;0.21064315615882279;0.17120432611063127;0.048840154262361136;0.11550641309155241;0.035052703798415769;0.11702704797333953;0.17826086956521739;0.081162324649298595;0.041423570595099185;0.17035262496713313;0.17202844564849307;0.231279438623474;0.019741504504782875;0.26941870261162593;0.1256861868573983;0.038118141193722713;0.11376687202098273;0.061716032841096981;0.092085355859547371;0.15598690679849669;0.16365640194489464;0.06043956043956044;0.080510554737358866;0.017816123055355841;0.070008542362351475;0.13818181818181818;0.012114184904018875;1.0;0.18703789477295729;0.032951792050974732;0.11230413707586517;0.091299308019249001;0.17355511973075713;0.27368615352160958;0.057188329235338509;0.16357114270044321;0.16013894104393542;0.15466641502311976;0.19119202139791411;0.2792207792207792;0.37158949263653573
nessbealne2s;0.056390868637169425;0.09220661214789963;0.068367417557700955;0.023558836608003286;0.24921500260060489;0.2646089027294376;0.27891737891737894;0.32658826419381581;0.14927584083668716;0.1759676326384183;0.071483565294640214;0.31402341244387427;0.31766856651252823;0.071117166212534055;0.27632882139319909;0.15619189289698773;0.023996110841030628;0.080927228951641506;0.18546517488156436;0.061279901483444497;0.084130113967533518;0.057148293796777876;0.18382214878515904;0.04590456455419329;0.059460415745245465;0.032128029417587099;0.15897853212431218;0.29130434782608694;0.095190380761523044;0.10382412220218522;0.23234684039849252;0.15069420927869961;0.21964817841007403;0.025496702273671915;0.44038191519236169;0.13901654000894054;0.046853359966447107;0.18022673207797074;0.10373667255829865;0.084783248229632902;0.24510688740116116;0.27731604538087518;0.083429728166570266;0.061855670103092786;0.021602719216189541;0.066397452822862468;0.20181818181818181;0.01599137411380017;0.14921920976637881;1.0;0.042891017022188421;0.12423063916131213;0.12434577961993748;0.25394058255248059;0.35967618595575246;0.071429875599483897;0.20698753390747521;0.33715734134434849;0.10617560225939957;0.08735408156918037;0.42249417249417248;0.13092655002077466
bmesrimes;0.2475453131218118;0.15323967288739779;0.11165611266825842;0.14230994321983156;0.43491745487468936;0.26648653599560357;0.28841405508072177;0.4874259219455277;0.22626962100998563;0.40148283971778209;0.057625111045306487;0.43557568954457987;0.31885148940746316;0.14795640326975476;0.22119511389897656;0.16891429018809576;0.093728731161886236;0.80348644058306429;0.26993246648523334;0.25242968624972534;0.13712067661247318;0.11347202841557782;0.26208269180217059;0.24949634490301043;0.17220698805838125;0.099746718046203622;0.34492753623188405;0.22608695652173913;0.13126252505010019;0.1785827941020473;0.29746706009524088;0.25601083643752115;0.21253484571758147;0.30907525115447831;0.42853131142937378;0.36868126955744301;0.071173174580664245;0.3623356366709945;0.17024915901704774;0.21834352476412616;0.36990988321187546;0.34660615883306323;0.10931174089068826;0.11045655375552282;0.095249360267798469;0.091908053117962255;0.14545454545454545;0.10027365948989206;0.19152284889211271;0.31247319575249172;1.0;0.3448371096832375;0.24548807474797149;0.34638386479746253;0.33958283891042373;0.23264539766779463;0.36167973555875071;0.3369695831768682;0.2367516413000984;0.15069771299425658;0.35522810522810522;0.18004708923872398
fababyofficiel;0.21268767410730435;0.14503389948976025;0.10988269490293782;0.058313543847508552;0.55204099323842726;0.33484841546070709;0.38689458689458689;0.51724137931034486;0.21442785625686012;0.31438593693945072;0.049333728161089725;0.6984846055163566;0.23787504032691686;0.13124432334241598;0.27467811158798283;0.14346949560587971;0.038823529411764708;0.2470370854252599;0.22648926519504081;0.22464866858889682;0.086548358693899818;0.096092858048966126;0.4117315708438169;0.15175847579577506;0.2073065015479876;0.056958609823760234;0.35402619545842051;0.21739130434782608;0.10020040080160321;0.11281425692160815;0.34090975488620762;0.37131730443616662;0.25271556281841778;0.088531766718131857;0.44582982308340352;0.57170317389360747;0.052079404496450092;0.33660389853695943;0.16431951650607218;0.26047510979428018;0.38607432951223786;0.425257698541329;0.088056680161943318;0.09327442317133039;0.054315261059700609;0.066863399860215889;0.16545454545454547;0.051402708023351569;0.27269492383702632;0.3781071483711595;0.14406342643066208;1.0;0.24885313850152799;0.3625335948282124;0.47978799145637213;0.16376865399128465;0.48728932896550703;0.35249718362748778;0.34682322490192641;0.18839287565572579;0.40318015318015316;0.25529753935644706
mryouofficiel;0.10918563004232842;0.085314880827566927;0.068722101110765071;0.044523977828567415;0.36352603494442409;0.25029767356658728;0.21003482114593225;0.3181441336322044;0.12080920213098223;0.34623510184557738;0.034823808113710393;0.4039849262347659;0.21367889020324765;0.078655767484105354;0.32849125123803236;0.11493217983597893;0.02655323286339329;0.13861774202579369;0.13446225178913415;0.15220156834450416;0.075176407852474675;0.047317011290117977;0.2929638113835793;0.15247798307718874;0.095957540911101286;0.037748231229610664;0.19686894520654111;0.19565217391304349;0.088176352705410826;0.12039885435451363;0.19927546817026498;0.16491703352522857;0.11592809766413535;0.055234548729301371;0.33586071328278572;0.23690657130084936;0.031425666154723503;0.24128405991582505;0.13594346884086891;0.3084011010947908;0.2913237334482805;0.24368233387358185;0.060005783689994215;0.051055473735886106;0.04132012895145766;0.051021200590199579;0.14909090909090908;0.034307776789699429;0.17786415207959819;0.30363851577376355;0.08228293707512227;0.1996561830684252;1.0;0.25185830851553231;0.27255227698230627;0.070027022421306331;0.35917465870180693;0.27923394667668044;0.273500586419337;0.08059466296211823;0.25241425241425242;0.11144453164673838
sinikofficiel;0.037122390651568325;0.059425456070455025;0.046826879822831242;0.017107036226585444;0.18023155015314674;0.14437167979483423;0.15520734409623299;0.26812417477814965;0.10219434058236139;0.19615737234424205;0.048919159016878884;0.21303720333547146;0.22378750403269168;0.069573115349682108;0.21129085506767911;0.12931827523438572;0.02921730675741371;0.069859459863006027;0.18143332325370426;0.048360453414851803;0.068479730148691048;0.047824432322719775;0.10708876287756457;0.058510332124561103;0.04513047324192835;0.020326283561892727;0.12796248934356352;0.20434782608695654;0.10420841683366733;0.11501538135143737;0.21423354465511701;0.10565526583135794;0.17639142555032203;0.019289979636527465;0.34366750912664984;0.099713902548055428;0.028945407145680516;0.13106368888385428;0.064149894520782264;0.059614616823215449;0.21731751013645487;0.15539708265802268;0.072296124927703875;0.066764850270004908;0.012246780723251721;0.061194377572415935;0.14727272727272728;0.010298606683550083;0.098101742236577388;0.17991868663475888;0.033686461132002611;0.084392965843760562;0.073075977378903367;1.0;0.19455211876697517;0.048847286802833706;0.15313579295317434;0.19500563274502442;0.081990859946885236;0.053681395011300252;0.27830502830502829;0.1063662804118
desporutti93;0.067273253500235164;0.072286293422800033;0.05744143395965258;0.012392025096266782;0.16279786557762324;0.21123374244367099;0.3687559354226021;0.29428562655448764;0.11371485173253852;0.10983776457926415;0.060290198400947584;0.30540410519563821;0.19830089256909345;0.069300635785649406;0.2383624958732255;0.12375956626411697;0.015478852698104034;0.06288844509975923;0.1489769176494305;0.053123533576188937;0.056475315301908552;0.052454649245211211;0.20859463992889957;0.038018764749899271;0.079380804953560369;0.018848353531710414;0.14565604898085716;0.17391304347826086;0.08917835671342686;0.050015911742866237;0.24154956323585264;0.21723670843210294;0.26588484091127557;0.018505542393002061;0.36186464476270708;0.11539561913276709;0.037689677958583898;0.13465375868108503;0.071957494726039115;0.076304398075185437;0.17116801594892034;0.28916693679092381;0.065066512434933485;0.077074128620520377;0.013831100390925982;0.053933369573658463;0.23818181818181819;0.0087589177430442838;0.14204770963636115;0.23399035904825621;0.030323937261144247;0.10255326344267839;0.072612315149812076;0.17863974237911914;1.0;0.055472040314531249;0.1692927975334628;0.21241081487044686;0.10853476051173512;0.10713471148064442;0.46153846153846156;0.1524398688887863
youssouphamusik;0.16878911761513693;0.24792059830852031;0.1850064016055919;0.12662072172040803;0.37562366357804705;0.34756823594064845;0.38414055080721748;0.55043448889980651;0.36954872792496946;0.25317893729820223;0.17400059224163458;0.46981237973059653;0.38090117216905045;0.11262488646684832;0.27038626609442062;0.2901880957507193;0.067632474477394261;0.25691035666959072;0.32950307428686626;0.15601528742584811;0.18626685020524078;0.19351769630851198;0.28124726175723208;0.091866689690899672;0.14782839451570101;0.18519276817650551;0.41354723707664887;0.31739130434782609;0.15731462925851702;0.17444574095682613;0.50249788191299771;0.26616999661361329;0.42583870037489185;0.11014515577607954;0.58747542825049148;0.31235583370585607;0.29276410081558885;0.31535103388781904;0.36602713951764637;0.14095694383155771;0.40306046849953525;0.41063209076175039;0.21298438403701561;0.18605792832596957;0.1006017219297364;0.14778286868059332;0.25090909090909091;0.080398671347462133;0.25720229378515608;0.40267270512754533;0.18001982664635338;0.30333107879607712;0.16166356387649725;0.38865887024527251;0.48068454499907709;1.0;0.33311593021359859;0.37613593691325575;0.18276061958236159;0.20697090961869416;0.55352980352980352;0.33835003000784819
leckyougo;0.078897290257226582;0.080254420912839866;0.059439773002526036;0.024969893400336004;0.33790526092735645;0.20722659827807291;0.25052231718898388;0.37937175668621609;0.12827834839953239;0.26475863993303306;0.033461652354160494;0.45654265554842849;0.16335089794601571;0.096366939146230693;0.21195113898976559;0.10150515746413262;0.020077783179387458;0.119832397021221;0.15552867654470315;0.10130767707618488;0.050212681523370162;0.050995813776481033;0.26319676543117154;0.10173832959189547;0.093321539141972581;0.024572959575223926;0.19103309307912889;0.18695652173913044;0.060120240480961921;0.077781903044446807;0.24035174851733909;0.20369116153064681;0.17418052484860136;0.034052749666838439;0.36787419264251614;0.24306660706303085;0.029150586723070936;0.22370840268035308;0.10378299789041565;0.16927231082813254;0.26364211915891;0.2480388978930308;0.064777327935222673;0.053019145802650956;0.020026645844768626;0.041313970645336644;0.10909090909090909;0.01808397540579345;0.15102577086783364;0.23954848781157256;0.057454889670128871;0.18528914440311126;0.17022726474410763;0.25013922181060994;0.30116288268333202;0.068386810137059661;1.0;0.23229440480660909;0.22560293344477547;0.099960604615480314;0.3170995670995671;0.13992890448271086
zehefyu;0.050171846170543759;0.069756063465436502;0.051498321741236724;0.021178016167683285;0.22419140451927339;0.21734749954204066;0.22801519468186135;0.30429575951116161;0.12710934223324796;0.17375533144656596;0.062955285756588694;0.27433450930083386;0.31541025916765242;0.066121707538601276;0.24463519313304721;0.14846058992777592;0.024501701507049101;0.080040687582821624;0.15956052817256325;0.060894732130990128;0.081389436610985036;0.039007991881263478;0.14849725236897118;0.044148966787543889;0.050084033613445378;0.024178392934138558;0.15495621173370533;0.25217391304347825;0.091182364729458912;0.10414235705950992;0.2163662391539338;0.14205892312902133;0.17773719119484763;0.024520890251548192;0.39623701207525974;0.12526598122485472;0.03961474516998223;0.16276435374386769;0.089760676207309431;0.071713000903570148;0.23210797850128642;0.24361750405186386;0.085164835164835168;0.07167403043691703;0.017289390882173312;0.0625145608449173;0.21818181818181817;0.013334144624184001;0.11672848207809271;0.30804727840392498;0.042259955119254219;0.10581670612106865;0.10447855562190453;0.25147090869470473;0.29831500672415157;0.060961730408744551;0.18338941345626492;1.0;0.087086641771930068;0.06547927595430135;0.38153513153513152;0.10138036101749688
hayce_lemsi;0.11239824897796752;0.067100020968756557;0.061135333402539883;0.016894837072949202;0.17797769258923926;0.16192297124015387;0.25090218423551758;0.21497221113396997;0.08055434093930984;0.16448758321042772;0.020017767249037609;0.43144644002565746;0.072373373481019465;0.10781108083560399;0.23638164410696599;0.060343308997670819;0.013378706854642684;0.074562795124955672;0.10432416087087995;0.096503910011419461;0.030023438371963241;0.064759609285804903;0.29964825315758509;0.15765843550336731;0.19398496240601504;0.017840920492787973;0.12555994729907774;0.12608695652173912;0.058116232464929862;0.032619072875782328;0.15708901808408074;0.29749407382323062;0.17177737191194847;0.027717447100323245;0.19651783206964335;0.17747876620473849;0.01788683139368228;0.15096592047821125;0.075310736073892465;0.23884195927630333;0.14549348707517815;0.19635656401944895;0.038316946211683051;0.039273441335297005;0.019364365176921708;0.025665915974217596;0.069090909090909092;0.014702631038904545;0.15702026906811556;0.13511056216012216;0.041353392310934559;0.14500619997745462;0.14252695914854754;0.14726035689208494;0.21229860506816445;0.041254838474085252;0.24806190059736449;0.12129177619226436;1.0;0.14845839640050593;0.16966366966366966;0.17616915193204377
jokemtp;0.063525198075322892;0.10188019850422871;0.085790165749679917;0.0063098837500050681;0.063840033904182164;0.087859498076570799;0.32776194998417219;0.10301839285165966;0.090316880984463818;0.041196635707737073;0.047497779093870297;0.14965522771007056;0.070652758361114093;0.078292461398728433;0.12149224166391548;0.05445186040594234;0.0079338842975206613;0.031206256182459546;0.093337365184961191;0.027124602285518988;0.027741607450674007;0.11499429151338322;0.12765531312979583;0.041242157370632589;0.21685979655019902;0.01576368305587118;0.053568937456405487;0.034782608695652174;0.037074148296593189;0.015699586294685479;0.096351047357503869;0.32272265492719271;0.22551187157550706;0.010745893167023336;0.11058691378826173;0.063567277603933839;0.018834278265749797;0.06448183616385357;0.026241518900735505;0.057718170165374352;0.055174643371903496;0.1159935170178282;0.042510121457489877;0.059401080019636718;0.011534506884368887;0.045934612099091401;0.094545454545454544;0.0056020641053307479;0.12619924179178016;0.07227282864151785;0.017114022054200682;0.051211813775222638;0.027306895219361412;0.06268613350766325;0.13624976926930887;0.03037587944591864;0.071461393652817104;0.059294029290274129;0.096523274781272331;1.0;0.16142191142191142;0.30164812335533908
grodashizzle;0.016403169205166237;0.031509051513245262;0.025026817536938993;0.0040169164624644024;0.058889252759530733;0.067663491481956398;0.14792655903767016;0.12395983664445605;0.046519306449166083;0.040897676087216485;0.042522949363340244;0.11529826812059012;0.13893967093235832;0.037148047229791099;0.098382304390888076;0.062065725861697757;0.0063004375303840543;0.022238190335765878;0.081342606592077413;0.012496304272938599;0.027555588625568908;0.02378536090320944;0.057243356240689977;0.0090657917458124675;0.023246351172047767;0.0072893136167524047;0.041238471673254284;0.073913043478260873;0.026052104208416832;0.027209080301262331;0.10047036138946508;0.07585506264815442;0.12015764683264443;0.00563558853226509;0.1926986801460264;0.035002235136343318;0.016387210070696434;0.044553463284565317;0.021787160043332005;0.018150202777952887;0.061761655239301154;0.084188006482982178;0.028050896471949104;0.035837015218458515;0.0037953578506028816;0.027296730604954571;0.094545454545454544;0.0024856490333104182;0.045903075259693157;0.087060195906884186;0.010047541566493439;0.027296809829782435;0.021300361797042398;0.080942350064163102;0.14619096590459615;0.020233342259658688;0.056460578391118094;0.086049568156214798;0.027474082961485055;0.040204026622986173;1.0;0.065786436452610689
punchydinos;0.02206866611193517;0.10115328161040051;0.085037544551714597;0.0035418336439730709;0.040530908670609316;0.053020241802527936;0.10800886356441912;0.086774956244050724;0.069212304012992928;0.025072746840993344;0.047320106603494227;0.12199326491340604;0.054091837832024946;0.031335149863760216;0.082205348299768902;0.053884245757569824;0.0063004375303840543;0.01933593385468187;0.060376978127204918;0.013575863443902254;0.022334660267619082;0.14562983635671697;0.052849650130809771;0.015944281356127323;0.05647058823529412;0.012085128769738501;0.034705107339378441;0.060869565217391307;0.036072144288577156;0.012888511721650578;0.074644307458587744;0.091771080257365398;0.15601268864750553;0.0053116468497418929;0.10485818590283628;0.034716137684398747;0.015159149953080259;0.030472024468242695;0.015137693141000058;0.021764483389018471;0.046311138650538139;0.053886547811993514;0.029063042220936957;0.046146293568973984;0.0048972691874563526;0.033121068571872331;0.070909090909090908;0.0028707602336971168;0.11015916898189333;0.048650781397423362;0.0091833635128484668;0.031168977567354299;0.016958797288278479;0.055785574199171933;0.087071170529757672;0.022302626774107166;0.044928331085187435;0.041231693578670674;0.051443130805214413;0.13547865392191419;0.11863136863136862;1.0
